{"cameraMode":{"drawMode":0,"name":"Shaded","section":"Shading Mode"},"sceneLighting":false,"audioPlay":false,"sceneViewState":{"showFog":true,"showMaterialUpdate":true,"showSkybox":true,"showFlares":true,"showImageEffects":true,"showParticleSystems":true},"in2DMode":false,"pivot":{"x":83.01395416259766,"y":4.470529556274414,"z":-77.41297149658203},"rotation":{"x":-0.019741211086511613,"y":-0.9791495203971863,"z":0.16455377638339997,"w":-0.11746721714735031},"size":8.97522258758545,"orthographic":false}