{"cameraMode":{"drawMode":0,"name":"Shaded","section":"Shading Mode"},"sceneLighting":true,"audioPlay":false,"sceneViewState":{"showFog":true,"showMaterialUpdate":true,"showSkybox":true,"showFlares":true,"showImageEffects":true,"showParticleSystems":true},"in2DMode":false,"pivot":{"x":83.84720611572266,"y":0.7686314582824707,"z":-76.87084197998047},"rotation":{"x":-0.18800191581249238,"y":-0.44691479206085207,"z":0.09666013717651367,"w":-0.8692406415939331},"size":22.0,"orthographic":false}