{"cameraMode":{"drawMode":0,"name":"Shaded","section":"Shading Mode"},"sceneLighting":true,"audioPlay":false,"sceneViewState":{"showFog":true,"showMaterialUpdate":true,"showSkybox":true,"showFlares":true,"showImageEffects":true,"showParticleSystems":true},"in2DMode":false,"pivot":{"x":111.0494613647461,"y":12.352531433105469,"z":-12.60330581665039},"rotation":{"x":-0.12531977891921998,"y":0.5860230326652527,"z":-0.09235447645187378,"w":-0.7951998114585877},"size":16.802980422973634,"orthographic":false}