{"cameraMode":{"drawMode":0,"name":"Shaded","section":"Shading Mode"},"sceneLighting":false,"audioPlay":false,"sceneViewState":{"showFog":true,"showMaterialUpdate":true,"showSkybox":true,"showFlares":true,"showImageEffects":true,"showParticleSystems":true},"in2DMode":false,"pivot":{"x":-91.30841827392578,"y":5.699999809265137,"z":46.99320602416992},"rotation":{"x":0.11616124212741852,"y":-0.8744553327560425,"z":0.257620632648468,"w":0.3942919969558716},"size":2.1544687747955324,"orthographic":false}