{"cameraMode":{"drawMode":0,"name":"Shaded","section":"Shading Mode"},"sceneLighting":true,"audioPlay":false,"sceneViewState":{"showFog":true,"showMaterialUpdate":true,"showSkybox":true,"showFlares":true,"showImageEffects":true,"showParticleSystems":true},"in2DMode":false,"pivot":{"x":-87.2755355834961,"y":4.24610710144043,"z":47.04037857055664},"rotation":{"x":0.12504854798316956,"y":-0.7853293418884277,"z":0.16862031817436219,"w":0.5823984146118164},"size":18.732641220092775,"orthographic":false}