{"cameraMode":{"drawMode":0,"name":"Shaded","section":"Shading Mode"},"sceneLighting":true,"audioPlay":false,"sceneViewState":{"showFog":true,"showMaterialUpdate":true,"showSkybox":true,"showFlares":true,"showImageEffects":true,"showParticleSystems":true},"in2DMode":false,"pivot":{"x":-91.8831558227539,"y":-0.6401405334472656,"z":48.24604034423828},"rotation":{"x":0.11616124212741852,"y":-0.8744553327560425,"z":0.257620632648468,"w":0.3942919969558716},"size":15.642081260681153,"orthographic":false}