{"cameraMode":{"drawMode":0,"name":"Shaded","section":"Shading Mode"},"sceneLighting":true,"audioPlay":false,"sceneViewState":{"showFog":true,"showMaterialUpdate":true,"showSkybox":true,"showFlares":true,"showImageEffects":true,"showParticleSystems":true},"in2DMode":false,"pivot":{"x":74.19999694824219,"y":7.440000057220459,"z":-81.80000305175781},"rotation":{"x":-0.22847886383533479,"y":-0.3356688916683197,"z":0.08428239822387696,"w":-0.9099562764167786},"size":17.584810256958009,"orthographic":false}